INSERT INTO `CATEGORY` VALUES (1,'DJ',NULL,'DJ')
,(2,'BAND',NULL,'BAND');
INSERT INTO `ROLES` VALUES (1,'ROLE_USER')
,(2,'ROLE_VENDOR');
INSERT INTO `EQUIPMENTS` VALUES (1,'CD Player',NULL,'CD Player',1)
,(2,'Cartridges & Needles',NULL,'Cartridges & Needles',1)
,(3,'DJ Controllers',NULL,'DJ Controllers',1)
,(4,'DJ Digital Media Players',NULL,'DJ Digital Media Players',1)
,(5,'DJ Effects',NULL,'DJ Effects',1)
,(6,'DJ Mixer',NULL,'DJ Mixer',1)
,(7,'DJ Sets',NULL,'DJ Sets',1)
,(8,'Turntables',NULL,'Turntables',1)
,(9,'Lights',NULL,'Lights',1)
,(10,'Dance Floor',NULL,'Dance Floor',1);

CREATE TABLE `States` (
  `state_id` int(10) NOT NULL AUTO_INCREMENT,
  `name` varchar(255) DEFAULT NULL,
  `IS_ACTIVE` tinyint(1) DEFAULT '0',
  PRIMARY KEY (`state_id`)
);

INSERT INTO `States` VALUES (1,'ANDAMAN & NICOBAR ISLANDS',0)
,(2,'ANDHRA PRADESH',0)
,(3,'ARUNACHAL PRADESH',0)
,(4,'ASSAM',0)
,(5,'BIHAR',0)
,(6,'CHANDIGARH',0)
,(7,'CHATTISGARH',0)
,(8,'DADRA & NAGAR HAVELI',0)
,(9,'DAMAN & DIU',0)
,(10,'DELHI',1)
,(11,'GOA',0)
,(12,'GUJARAT',0)
,(13,'HARYANA',1)
,(14,'HIMACHAL PRADESH',0)
,(15,'JAMMU & KASHMIR',0)
,(16,'JHARKHAND',0)
,(17,'KARNATAKA',0)
,(18,'KERALA',0)
,(19,'LAKSHADWEEP',0)
,(20,'MADHYA PRADESH',0)
,(21,'MAHARASHTRA',0)
,(22,'MANIPUR',0)
,(23,'MEGHALAYA',0)
,(24,'MIZORAM',0)
,(25,'NAGALAND',0)
,(26,'ODISHA',0)
,(27,'PONDICHERRY',0)
,(28,'PUNJAB',0)
,(29,'RAJASTHAN',0)
,(30,'SIKKIM',0)
,(31,'TAMIL NADU',0)
,(32,'TELANGANA',0)
,(33,'TRIPURA',0)
,(34,'UTTAR PRADESH',1)
,(35,'UTTARAKHAND',0)
,(36,'WEST BENGAL',0);

CREATE TABLE Districts (
  district_id int(10) NOT NULL AUTO_INCREMENT,
  name varchar(255) DEFAULT NULL,
  id_state int(10),
  PRIMARY KEY (district_id),
  FOREIGN KEY (id_state) REFERENCES States(state_id)
);
INSERT INTO `Districts` VALUES (1,'NICOBAR',1)
,(2,'NORTH AND MIDDLE ANDAMAN',1)
,(3,'SOUTH ANDAMAN',1)
,(4,'ANANTHAPUR',2)
,(5,'CHITTOOR',2)
,(6,'CUDDAPAH',2)
,(7,'EAST GODAVARI',2)
,(8,'GUNTUR',2)
,(9,'KRISHNA',2)
,(10,'KURNOOL',2)
,(11,'NELLORE',2)
,(12,'PRAKASAM',2)
,(13,'SRIKAKULAM',2)
,(14,'VISAKHAPATNAM',2)
,(15,'VIZIANAGARAM',2)
,(16,'WEST GODAVARI',2)
,(19,'CHANGLANG',3)
,(20,'DIBANG VALLEY',3)
,(21,'EAST KAMENG',3)
,(22,'EAST SIANG',3)
,(23,'KURUNG KUMEY',3)
,(24,'LOHIT',3)
,(25,'LOWER SUBANSIRI',3)
,(26,'PAPUM PARE',3)
,(27,'TAWANG',3)
,(28,'TIRAP',3)
,(29,'UPPER SIANG',3)
,(30,'UPPER SUBANSIRI',3)
,(31,'WEST KAMENG',3)
,(32,'WEST SIANG',3)
,(34,'BARPETA',4)
,(35,'BONGAIGAON',4)
,(36,'CACHAR',4)
,(37,'DARRANG',4)
,(38,'DHEMAJI',4)
,(39,'DHUBRI',4)
,(40,'DIBRUGARH',4)
,(41,'GOALPARA',4)
,(42,'GOLAGHAT',4)
,(43,'HAILAKANDI',4)
,(44,'JORHAT',4)
,(45,'KAMRUP',4)
,(46,'KARBI ANGLONG',4)
,(47,'KARIMGANJ',4)
,(48,'KOKRAJHAR',4)
,(49,'LAKHIMPUR',4)
,(50,'MARIGAON',4)
,(51,'NAGAON',4)
,(52,'NALBARI',4)
,(53,'NORTH CACHAR HILLS',4)
,(54,'SIBSAGAR',4)
,(55,'SONITPUR',4)
,(56,'TINSUKIA',4)
,(65,'ARARIA',5)
,(66,'ARWAL',5)
,(67,'AURANGABAD(BH)',5)
,(68,'BANKA',5)
,(69,'BEGUSARAI',5)
,(70,'BHAGALPUR',5)
,(71,'BHOJPUR',5)
,(72,'BUXAR',5)
,(73,'DARBHANGA',5)
,(74,'EAST CHAMPARAN',5)
,(75,'GAYA',5)
,(76,'GOPALGANJ',5)
,(77,'JAMUI',5)
,(78,'JEHANABAD',5)
,(79,'KAIMUR (BHABUA)',5)
,(80,'KATIHAR',5)
,(81,'KHAGARIA',5)
,(82,'KISHANGANJ',5)
,(83,'LAKHISARAI',5)
,(84,'MADHEPURA',5)
,(85,'MADHUBANI',5)
,(86,'MUNGER',5)
,(87,'MUZAFFARPUR',5)
,(88,'NALANDA',5)
,(89,'NAWADA',5)
,(90,'PATNA',5)
,(91,'PURNIA',5)
,(92,'ROHTAS',5)
,(93,'SAHARSA',5)
,(94,'SAMASTIPUR',5)
,(95,'SARAN',5)
,(96,'SHEIKHPURA',5)
,(97,'SHEOHAR',5)
,(98,'SITAMARHI',5)
,(99,'SIWAN',5)
,(100,'SUPAUL',5)
,(101,'VAISHALI',5)
,(102,'WEST CHAMPARAN',5)
,(128,'CHANDIGARH',6)
,(129,'BASTAR',7)
,(130,'BIJAPUR',7)
,(131,'BILASPUR',7)
,(132,'DANTEWADA',7)
,(133,'DHAMTARI',7)
,(134,'DURG',7)
,(135,'JANJGIR-CHAMPA',7)
,(136,'JASHPUR',7)
,(137,'KANKER',7)
,(138,'KAWARDHA',7)
,(139,'KORBA',7)
,(140,'KORIYA',7)
,(141,'MAHASAMUND',7)
,(142,'RAIGARH',7)
,(143,'RAIPUR',7)
,(144,'RAJNANDGAON',7)
,(145,'SURGUJA',7)
,(160,'DADRA & NAGAR HAVELI',8)
,(161,'DAMAN',9)
,(162,'DIU',9)
,(164,'CENTRAL DELHI',10)
,(165,'EAST DELHI',10)
,(166,'NEW DELHI',10)
,(167,'NORTH DELHI',10)
,(168,'NORTH EAST DELHI',10)
,(169,'NORTH WEST DELHI',10)
,(170,'SHAHDARA',10)
,(171,'SOUTH DELHI',10)
,(172,'SOUTH EAST DELHI',10)
,(173,'SOUTH WEST DELHI',10)
,(174,'WEST DELHI',10)
,(179,'NORTH GOA',11)
,(180,'SOUTH GOA',11)
,(182,'AHMEDABAD',12)
,(183,'AMRELI',12)
,(184,'ANAND',12)
,(185,'BANASKANTHA',12)
,(186,'BHARUCH',12)
,(187,'BHAVNAGAR',12)
,(188,'DAHOD',12)
,(189,'GANDHI NAGAR',12)
,(190,'JAMNAGAR',12)
,(191,'JUNAGADH',12)
,(192,'KACHCHH',12)
,(193,'KHEDA',12)
,(194,'MAHESANA',12)
,(195,'NARMADA',12)
,(196,'NAVSARI',12)
,(197,'PANCH MAHALS',12)
,(198,'PATAN',12)
,(199,'PORBANDAR',12)
,(200,'RAJKOT',12)
,(201,'SABARKANTHA',12)
,(202,'SURAT',12)
,(203,'SURENDRA NAGAR',12)
,(204,'THE DANGS',12)
,(205,'VADODARA',12)
,(206,'VALSAD',12)
,(213,'AMBALA',13)
,(214,'BHIWANI',13)
,(215,'FARIDABAD',13)
,(216,'FATEHABAD',13)
,(217,'GURGAON',13)
,(218,'HISAR',13)
,(219,'JHAJJAR',13)
,(220,'JIND',13)
,(221,'KAITHAL',13)
,(222,'KARNAL',13)
,(223,'KURUKSHETRA',13)
,(224,'MAHENDRAGARH',13)
,(225,'PANCHKULA',13)
,(226,'PANIPAT',13)
,(227,'REWARI',13)
,(228,'ROHTAK',13)
,(229,'SIRSA',13)
,(230,'SONIPAT',13)
,(231,'YAMUNA NAGAR',13)
,(244,'BILASPUR (HP)',14)
,(245,'CHAMBA',14)
,(246,'HAMIRPUR(HP)',14)
,(247,'KANGRA',14)
,(248,'KINNAUR',14)
,(249,'KULLU',14)
,(250,'LAHUL & SPITI',14)
,(251,'MANDI',14)
,(252,'SHIMLA',14)
,(253,'SIRMAUR',14)
,(254,'SOLAN',14)
,(255,'UNA',14)
,(259,'ANANTHNAG',15)
,(260,'BANDIPUR',15)
,(261,'BARAMULLA',15)
,(262,'BUDGAM',15)
,(263,'DODA',15)
,(264,'JAMMU',15)
,(265,'KARGIL',15)
,(266,'KATHUA',15)
,(267,'KUPWARA',15)
,(268,'LEH',15)
,(269,'POONCH',15)
,(270,'PULWAMA',15)
,(271,'RAJAURI',15)
,(272,'SRINAGAR',15)
,(273,'UDHAMPUR',15)
,(274,'BOKARO',16)
,(275,'CHATRA',16)
,(276,'DEOGHAR',16)
,(277,'DHANBAD',16)
,(278,'DUMKA',16)
,(279,'EAST SINGHBHUM',16)
,(280,'GARHWA',16)
,(281,'GIRIDH',16)
,(282,'GODDA',16)
,(283,'GUMLA',16)
,(284,'HAZARIBAG',16)
,(285,'JAMTARA',16)
,(286,'KHUNTI',16)
,(287,'KODERMA',16)
,(288,'LATEHAR',16)
,(289,'LOHARDAGA',16)
,(290,'PAKUR',16)
,(291,'PALAMAU',16)
,(292,'RAMGARH',16)
,(293,'RANCHI',16)
,(294,'SAHIBGANJ',16)
,(295,'SERAIKELA-KHARSAWAN',16)
,(296,'SIMDEGA',16)
,(297,'WEST SINGHBHUM',16)
,(305,'BAGALKOT',17)
,(306,'BANGALORE',17)
,(307,'BANGALORE RURAL',17)
,(308,'BELGAUM',17)
,(309,'BELLARY',17)
,(310,'BIDAR',17)
,(311,'BIJAPUR',17)
,(312,'CHAMRAJNAGAR',17)
,(313,'CHICKMAGALUR',17)
,(314,'CHIKKABALLAPUR',17)
,(315,'CHITRADURGA',17)
,(316,'DAKSHINA KANNADA',17)
,(317,'DAVANGARE',17)
,(318,'DHARWARD',17)
,(319,'GADAG',17)
,(320,'GULBARGA',17)
,(321,'HASSAN',17)
,(322,'HAVERI',17)
,(323,'KODAGU',17)
,(324,'KOLAR',17)
,(325,'KOPPAL',17)
,(326,'MANDYA',17)
,(327,'Mysuru',17)
,(328,'RAICHUR',17)
,(329,'RAMANAGAR',17)
,(330,'SHIMOGA',17)
,(331,'TUMKUR',17)
,(332,'UDUPI',17)
,(333,'UTTARA KANNADA',17)
,(336,'ALAPPUZHA',18)
,(337,'ERNAKULAM',18)
,(338,'IDUKKI',18)
,(339,'KANNUR',18)
,(340,'KASARGOD',18)
,(341,'KOLLAM',18)
,(342,'KOTTAYAM',18)
,(343,'KOZHIKODE',18)
,(344,'MALAPPURAM',18)
,(345,'PALAKKAD',18)
,(346,'PATHANAMTHITTA',18)
,(347,'THIRUVANANTHAPURAM',18)
,(348,'THRISSUR',18)
,(349,'WAYANAD',18)
,(351,'LAKSHADWEEP',19)
,(352,'ANUPPUR',20)
,(353,'BALAGHAT',20)
,(354,'BARWANI',20)
,(355,'BETUL',20)
,(356,'BHIND',20)
,(357,'BHOPAL',20)
,(358,'CHHATARPUR',20)
,(359,'CHHINDWARA',20)
,(360,'DAMOH',20)
,(361,'DATIA',20)
,(362,'DEWAS',20)
,(363,'DHAR',20)
,(364,'DINDORI',20)
,(365,'EAST NIMAR',20)
,(366,'GUNA',20)
,(367,'GWALIOR',20)
,(368,'HARDA',20)
,(369,'HOSHANGABAD',20)
,(370,'INDORE',20)
,(371,'JABALPUR',20)
,(372,'JHABUA',20)
,(373,'KATNI',20)
,(374,'MANDLA',20)
,(375,'MANDSAUR',20)
,(376,'MORENA',20)
,(377,'NARSINGHPUR',20)
,(378,'NEEMUCH',20)
,(379,'PANNA',20)
,(380,'RAISEN',20)
,(381,'RAJGARH',20)
,(382,'RATLAM',20)
,(383,'REWA',20)
,(384,'SAGAR',20)
,(385,'SATNA',20)
,(386,'SEHORE',20)
,(387,'SEONI',20)
,(388,'SHAHDOL',20)
,(389,'SHAJAPUR',20)
,(390,'SHEOPUR',20)
,(391,'SHIVPURI',20)
,(392,'SIDHI',20)
,(393,'TIKAMGARH',20)
,(394,'UJJAIN',20)
,(395,'UMARIA',20)
,(396,'VIDISHA',20)
,(397,'WEST NIMAR',20)
,(415,'AHMED NAGAR',21)
,(416,'AKOLA',21)
,(417,'AMRAVATI',21)
,(418,'AURANGABAD',21)
,(419,'BEED',21)
,(420,'BHANDARA',21)
,(421,'BULDHANA',21)
,(422,'CHANDRAPUR',21)
,(423,'DHULE',21)
,(424,'GADCHIROLI',21)
,(425,'GONDIA',21)
,(426,'HINGOLI',21)
,(427,'JALGAON',21)
,(428,'JALNA',21)
,(429,'KOLHAPUR',21)
,(430,'LATUR',21)
,(431,'MUMBAI',21)
,(432,'NAGPUR',21)
,(433,'NANDED',21)
,(434,'NANDURBAR',21)
,(435,'NASHIK',21)
,(436,'OSMANABAD',21)
,(437,'PARBHANI',21)
,(438,'PUNE',21)
,(439,'RAIGARH(MH)',21)
,(440,'RATNAGIRI',21)
,(441,'SANGLI',21)
,(442,'SATARA',21)
,(443,'SINDHUDURG',21)
,(444,'SOLAPUR',21)
,(445,'THANE',21)
,(446,'WARDHA',21)
,(447,'WASHIM',21)
,(448,'YAVATMAL',21)
,(478,'BISHNUPUR',22)
,(479,'CHANDEL',22)
,(480,'CHURACHANDPUR',22)
,(481,'IMPHAL EAST',22)
,(482,'IMPHAL WEST',22)
,(483,'SENAPATI',22)
,(484,'TAMENGLONG',22)
,(485,'THOUBAL',22)
,(486,'UKHRUL',22)
,(493,'EAST GARO HILLS',23)
,(494,'EAST KHASI HILLS',23)
,(495,'JAINTIA HILLS',23)
,(496,'RI BHOI',23)
,(497,'SOUTH GARO HILLS',23)
,(498,'WEST GARO HILLS',23)
,(499,'WEST KHASI HILLS',23)
,(500,'AIZAWL',24)
,(501,'CHAMPHAI',24)
,(502,'KOLASIB',24)
,(503,'LAWNGTLAI',24)
,(504,'LUNGLEI',24)
,(505,'MAMMIT',24)
,(506,'SAIHA',24)
,(507,'SERCHHIP',24)
,(515,'DIMAPUR',25)
,(516,'KIPHIRE',25)
,(517,'KOHIMA',25)
,(518,'LONGLENG',25)
,(519,'MOKOKCHUNG',25)
,(520,'MON',25)
,(521,'PEREN',25)
,(522,'PHEK',25)
,(523,'TUENSANG',25)
,(524,'WOKHA',25)
,(525,'ZUNHEBOTTO',25)
,(530,'ANGUL',26)
,(531,'BALANGIR',26)
,(532,'BALESWAR',26)
,(533,'BARGARH',26)
,(534,'BHADRAK',26)
,(535,'BOUDH',26)
,(536,'CUTTACK',26)
,(537,'DEBAGARH',26)
,(538,'DHENKANAL',26)
,(539,'GAJAPATI',26)
,(540,'GANJAM',26)
,(541,'JAGATSINGHAPUR',26)
,(542,'JAJAPUR',26)
,(543,'JHARSUGUDA',26)
,(544,'KALAHANDI',26)
,(545,'KANDHAMAL',26)
,(546,'KENDRAPARA',26)
,(547,'KENDUJHAR',26)
,(548,'KHORDA',26)
,(549,'KORAPUT',26)
,(550,'MALKANGIRI',26)
,(551,'MAYURBHANJ',26)
,(552,'NABARANGAPUR',26)
,(553,'NAYAGARH',26)
,(554,'NUAPADA',26)
,(555,'PURI',26)
,(556,'RAYAGADA',26)
,(557,'SAMBALPUR',26)
,(558,'SONAPUR',26)
,(559,'SUNDERGARH',26)
,(561,'KARAIKAL',27)
,(562,'PONDICHERRY',27)
,(564,'AMRITSAR',28)
,(565,'BARNALA',28)
,(566,'BATHINDA',28)
,(567,'FARIDKOT',28)
,(568,'FATEHGARH SAHIB',28)
,(569,'Fazilka',28)
,(570,'FIROZPUR',28)
,(571,'GURDASPUR',28)
,(572,'HOSHIARPUR',28)
,(573,'JALANDHAR',28)
,(574,'KAPURTHALA',28)
,(575,'LUDHIANA',28)
,(576,'MANSA',28)
,(577,'MOGA',28)
,(578,'MUKTSAR',28)
,(579,'NAWANSHAHR',28)
,(580,'Pathankot',28)
,(581,'PATIALA',28)
,(582,'RUPNAGAR',28)
,(583,'SANGRUR',28)
,(584,'TARN TARAN',28)
,(595,'AJMER',29)
,(596,'ALWAR',29)
,(597,'BANSWARA',29)
,(598,'BARAN',29)
,(599,'BARMER',29)
,(600,'BHARATPUR',29)
,(601,'BHILWARA',29)
,(602,'BIKANER',29)
,(603,'BUNDI',29)
,(604,'CHITTORGARH',29)
,(605,'CHURU',29)
,(606,'DAUSA',29)
,(607,'DHOLPUR',29)
,(608,'DUNGARPUR',29)
,(609,'GANGANAGAR',29)
,(610,'HANUMANGARH',29)
,(611,'JAIPUR',29)
,(612,'JAISALMER',29)
,(613,'JALOR',29)
,(614,'JHALAWAR',29)
,(615,'JHUJHUNU',29)
,(616,'JODHPUR',29)
,(617,'KARAULI',29)
,(618,'KOTA',29)
,(619,'NAGAUR',29)
,(620,'PALI',29)
,(621,'RAJSAMAND',29)
,(622,'SAWAI MADHOPUR',29)
,(623,'SIKAR',29)
,(624,'SIROHI',29)
,(625,'TONK',29)
,(626,'UDAIPUR',29)
,(658,'EAST SIKKIM',30)
,(659,'NORTH SIKKIM',30)
,(660,'SOUTH SIKKIM',30)
,(661,'WEST SIKKIM',30)
,(665,'ARIYALUR',31)
,(666,'CHENNAI',31)
,(667,'COIMBATORE',31)
,(668,'CUDDALORE',31)
,(669,'DHARMAPURI',31)
,(670,'DINDIGUL',31)
,(671,'ERODE',31)
,(672,'KANCHIPURAM',31)
,(673,'KANYAKUMARI',31)
,(674,'KARUR',31)
,(675,'KRISHNAGIRI',31)
,(676,'MADURAI',31)
,(677,'NAGAPATTINAM',31)
,(678,'NAMAKKAL',31)
,(679,'NILGIRIS',31)
,(680,'PERAMBALUR',31)
,(681,'PUDUKKOTTAI',31)
,(682,'RAMANATHAPURAM',31)
,(683,'SALEM',31)
,(684,'SIVAGANGA',31)
,(685,'THANJAVUR',31)
,(686,'THENI',31)
,(687,'TIRUCHIRAPPALLI',31)
,(688,'TIRUNELVELI',31)
,(689,'TIRUPPUR',31)
,(690,'TIRUVALLUR',31)
,(691,'TIRUVANNAMALAI',31)
,(692,'TIRUVARUR',31)
,(693,'TUTICORIN',31)
,(694,'VELLORE',31)
,(695,'VILLUPURAM',31)
,(696,'VIRUDHUNAGAR',31)
,(728,'ADILABAD',32)
,(729,'HYDERABAD',32)
,(730,'K.V.RANGAREDDY',32)
,(731,'KARIM NAGAR',32)
,(732,'KHAMMAM',32)
,(733,'MAHABUB NAGAR',32)
,(734,'MEDAK',32)
,(735,'NALGONDA',32)
,(736,'NIZAMABAD',32)
,(737,'WARANGAL',32)
,(743,'DHALAI',33)
,(744,'NORTH TRIPURA',33)
,(745,'SOUTH TRIPURA',33)
,(746,'WEST TRIPURA',33)
,(750,'AGRA',34)
,(751,'ALIGARH',34)
,(752,'ALLAHABAD',34)
,(753,'AMBEDKAR NAGAR',34)
,(754,'AURAIYA',34)
,(755,'AZAMGARH',34)
,(756,'BAGPAT',34)
,(757,'BAHRAICH',34)
,(758,'BALLIA',34)
,(759,'BALRAMPUR',34)
,(760,'BANDA',34)
,(761,'BARABANKI',34)
,(762,'BAREILLY',34)
,(763,'BASTI',34)
,(764,'BIJNOR',34)
,(765,'BUDAUN',34)
,(766,'BULANDSHAHR',34)
,(767,'CHANDAULI',34)
,(768,'CHITRAKOOT',34)
,(769,'DEORIA',34)
,(770,'ETAH',34)
,(771,'ETAWAH',34)
,(772,'FAIZABAD',34)
,(773,'FARRUKHABAD',34)
,(774,'FATEHPUR',34)
,(775,'FIROZABAD',34)
,(776,'GAUTAM BUDDHA NAGAR',34)
,(777,'GHAZIABAD',34)
,(778,'GHAZIPUR',34)
,(779,'GONDA',34)
,(780,'GORAKHPUR',34)
,(781,'HAMIRPUR',34)
,(782,'HARDOI',34)
,(783,'HATHRAS',34)
,(784,'JALAUN',34)
,(785,'JAUNPUR',34)
,(786,'JHANSI',34)
,(787,'JYOTIBA PHULE NAGAR',34)
,(788,'KANNAUJ',34)
,(789,'KANPUR DEHAT',34)
,(790,'KANPUR NAGAR',34)
,(791,'KAUSHAMBI',34)
,(792,'KHERI',34)
,(793,'KUSHINAGAR',34)
,(794,'LALITPUR',34)
,(795,'LUCKNOW',34)
,(796,'MAHARAJGANJ',34)
,(797,'MAHOBA',34)
,(798,'MAINPURI',34)
,(799,'MATHURA',34)
,(800,'MAU',34)
,(801,'MEERUT',34)
,(802,'MIRZAPUR',34)
,(803,'MORADABAD',34)
,(804,'MUZAFFARNAGAR',34)
,(805,'PILIBHIT',34)
,(806,'PRATAPGARH',34)
,(807,'RAEBARELI',34)
,(808,'RAMPUR',34)
,(809,'SAHARANPUR',34)
,(810,'SANT KABIR NAGAR',34)
,(811,'SANT RAVIDAS NAGAR',34)
,(812,'SHAHJAHANPUR',34)
,(813,'SHRAWASTI',34)
,(814,'SIDDHARTHNAGAR',34)
,(815,'SITAPUR',34)
,(816,'SONBHADRA',34)
,(817,'SULTANPUR',34)
,(818,'UNNAO',34)
,(819,'VARANASI',34)
,(877,'ALMORA',35)
,(878,'BAGESHWAR',35)
,(879,'CHAMOLI',35)
,(880,'CHAMPAWAT',35)
,(881,'DEHRADUN',35)
,(882,'HARIDWAR',35)
,(883,'NAINITAL',35)
,(884,'PAURI GARHWAL',35)
,(885,'PITHORAGARH',35)
,(886,'RUDRAPRAYAG',35)
,(887,'TEHRI GARHWAL',35)
,(888,'UDHAM SINGH NAGAR',35)
,(889,'UTTARKASHI',35)
,(892,'BANKURA',36)
,(893,'BARDHAMAN',36)
,(894,'BIRBHUM',36)
,(895,'COOCH BEHAR',36)
,(896,'DARJILING',36)
,(897,'EAST MIDNAPORE',36)
,(898,'HOOGHLY',36)
,(899,'HOWRAH',36)
,(900,'JALPAIGURI',36)
,(901,'KOLKATA',36)
,(902,'MALDA',36)
,(903,'MURSHIDABAD',36)
,(904,'NADIA',36)
,(905,'NORTH 24 PARGANAS',36)
,(906,'NORTH DINAJPUR',36)
,(907,'Purulia',36)
,(908,'SOUTH 24 PARGANAS',36)
,(909,'SOUTH DINAJPUR',36)
,(910,'WEST MIDNAPORE',36);